Emp ID,Absent,Late,Sick Leave,LOA,Emergency Leave,Maternity Leave,BL,Suspension,Attrition
DH00003,0,0,0,0,0,0,0,0,YES
DH00015,0,0,3,0,0,0,0,0,NO
DH00068,0,0,0,0,0,0,0,0,NO
DH00069,0,19,7,0,0,0,0,0,YES
DH00070,3,0,0,0,0,0,0,0,NO
DH00094,0,0,0,0,0,0,0,0,NO
DH00126,2,1,4,3,0,0,0,0,NO
DH00178,0,1,0,0,0,0,0,0,NO
DH00179,0,0,0,0,0,0,0,0,YES
DH00182,8,20,0,5,0,0,0,0,NO
DH00229,19,4,1,3,0,0,0,0,NO
DH00233,0,0,0,0,0,0,0,0,NO
DH00244,0,2,0,0,0,0,0,0,NO
DH00249,0,1,0,0,0,0,0,0,NO
DH00262,3,0,1,12,0,0,0,0,NO
DH00320,0,0,1,0,0,0,0,0,NO
DH00356,0,1,0,0,0,0,0,0,NO
DH00402,0,1,0,0,0,0,0,0,YES
DH00410,0,0,4,0,0,0,0,0,NO
DH00419,0,0,0,0,0,0,0,0,YES
DH00427,0,0,0,0,0,0,0,0,NO
DH00447,0,0,0,0,0,0,0,0,NO
DH00471,5,0,0,0,0,0,0,0,NO
DH00510,0,0,3,0,0,0,0,0,NO
DH00513,1,0,0,0,0,0,0,0,NO
DH00536,0,2,1,0,0,0,0,0,YES
DH00548,0,0,1,0,1,0,0,0,NO
DH00601,0,1,0,0,0,0,0,0,NO
DH00611,6,0,0,15,0,0,0,0,YES
DH00630,1,0,0,0,0,0,0,0,NO
DH00649,0,0,1,0,0,0,0,0,NO
DH00664,1,8,0,0,0,0,0,0,NO
DH00668,0,0,0,0,0,0,0,0,NO
DH00671,14,0,4,0,0,0,0,0,YES
DH00681,0,6,0,0,1,0,0,0,NO
DH00685,0,7,0,0,0,0,0,0,YES
DH00689,1,0,0,0,0,0,0,0,NO
DH00701,0,0,0,0,0,0,0,0,NO
DH00710,0,1,1,0,0,0,0,0,NO
DH00761,1,0,5,0,0,0,0,0,NO
DH00777,0,3,0,0,0,0,0,0,NO
DH00782,0,0,1,0,0,0,0,0,NO
DH00784,0,0,2,0,0,0,0,0,NO
DH00787,0,1,0,0,0,0,0,0,NO
DH00789,0,0,0,0,0,0,0,0,NO
DH00797,0,0,0,0,0,0,0,0,NO
DH00812,0,1,0,0,0,0,0,0,NO
DH00840,0,0,0,0,0,0,0,0,YES
DH00872,0,0,0,0,0,0,0,0,NO
DH00889,0,0,2,0,0,0,0,1,NO
DH00930,2,11,0,4,0,0,0,0,YES
DH00957,0,0,10,0,0,0,0,0,NO
DH00965,0,4,0,0,0,0,0,0,NO
DH00979,0,0,0,0,0,0,0,0,NO
DH00996,0,2,0,0,0,0,0,0,NO
DH00998,0,4,0,0,0,0,0,0,NO
DH01014,1,0,0,0,0,0,0,0,NO
DH01025,0,0,1,0,0,0,0,0,NO
DH01044,0,1,0,0,0,0,0,0,NO
DH01053,0,0,0,9,0,0,0,0,YES
DH01067,0,9,2,0,0,0,3,0,NO
DH01070,0,0,0,0,0,0,0,0,NO
DH01086,0,0,0,0,0,0,0,0,NO
DH01090,0,0,0,0,0,0,0,0,NO
DH01094,10,35,3,0,0,0,0,0,YES
DH01095,1,0,3,7,0,0,0,0,NO
DH01114,0,1,0,0,0,0,0,0,YES
DH01127,0,0,8,0,0,0,0,0,NO
DH01139,3,6,8,0,0,0,0,0,NO
DH01143,0,3,0,0,0,0,0,0,NO
DH01201,0,0,0,0,0,0,0,0,NO
DH01208,0,0,0,0,0,0,0,0,NO
DH01246,0,0,0,0,0,0,0,0,NO
DH01318,0,1,0,0,0,0,0,0,YES
DH01322,0,2,0,0,0,0,0,0,NO
DH01324,0,0,0,0,0,0,0,0,NO
DH01337,5,0,3,0,0,0,0,0,NO
DH01340,1,2,0,0,0,0,0,0,NO
DH01358,0,0,1,0,1,0,0,0,NO
DH01369,0,0,2,0,0,0,0,0,NO
DH01379,2,0,0,0,0,0,0,0,NO
DH01407,0,0,0,0,0,0,0,0,NO
DH01411,0,0,17,0,0,0,0,0,NO
DH01421,0,1,0,0,0,0,0,0,NO
DH01468,0,0,0,0,0,0,0,0,NO
DH01496,0,0,0,0,0,0,0,0,YES
DH01509,0,0,0,0,0,0,0,0,YES
DH01517,0,3,2,0,0,0,0,0,NO
DH01520,0,0,0,0,0,0,0,0,YES
DH01541,0,0,0,0,0,0,0,0,YES
DH01545,0,0,0,0,0,0,0,0,NO
DH01546,2,0,8,0,0,0,0,0,NO
DH01587,0,0,0,0,0,0,0,0,NO
DH01589,0,0,0,0,0,0,0,0,NO
DH01591,0,0,0,0,0,0,0,0,NO
DH01600,0,4,0,0,0,0,0,0,NO
DH01629,0,48,0,0,0,0,0,0,NO
DH01664,6,0,7,0,0,0,0,0,NO
DH01665,6,0,0,11,0,0,0,0,YES
DH01666,0,0,0,0,0,0,0,0,NO
DH01673,0,7,0,0,0,0,0,0,NO
DH01676,0,0,4,0,0,0,0,0,YES
DH01681,0,9,1,0,0,0,0,0,NO
DH01683,0,0,8,0,0,0,2,0,NO
DH01704,11,0,1,0,0,0,0,0,NO
DH01710,0,0,1,0,0,0,0,0,NO
DH01738,0,0,0,0,0,0,0,0,NO
DH01760,8,4,0,0,0,0,0,0,NO
DH01776,0,32,0,0,0,0,0,0,NO
DH01777,0,0,0,0,0,0,0,0,YES
DH01782,0,0,0,0,0,0,0,0,NO
DH01785,0,1,0,0,0,0,0,0,YES
DH01791,3,0,0,3,0,0,0,0,NO
DH01804,0,0,0,0,0,0,0,0,NO
DH01805,0,0,0,0,0,0,0,0,NO
DH01825,0,7,2,0,8,0,0,0,NO
DH01838,0,4,0,0,0,0,0,0,NO
DH01840,0,3,0,0,0,0,0,0,NO
DH01843,0,1,0,0,0,0,0,0,NO
DH01847,1,1,2,5,1,0,0,0,NO
DH01858,0,0,0,0,0,0,0,0,NO
DH01879,0,3,0,0,1,0,0,0,NO
DH01912,0,5,0,0,0,0,0,0,NO
DH01915,0,0,0,0,0,0,0,0,NO
DH01917,0,0,3,0,0,0,0,0,NO
DH01918,0,0,2,0,1,0,0,0,NO
DH01922,0,0,0,0,0,0,0,0,NO
DH01926,0,0,1,13,0,0,0,0,NO
DH01934,0,0,2,0,0,75,0,0,NO
DH01938,0,0,0,0,0,0,0,0,NO
DH01949,0,0,0,0,0,0,0,0,YES
DH01969,0,0,1,0,0,0,0,0,YES
DH01973,4,0,0,0,0,0,0,0,YES
DH01986,1,0,0,0,0,0,0,0,NO
DH01990,0,0,0,0,0,0,0,0,NO
DH01992,0,0,0,0,0,0,0,0,NO
DH01995,0,1,3,0,0,0,0,0,NO
DH01998,2,13,2,0,1,0,0,0,NO
DH02006,0,0,0,0,0,0,0,13,YES
DH02017,0,0,0,0,0,0,0,0,NO
DH02022,0,1,0,0,0,0,0,0,NO
DH02023,0,0,0,0,0,0,0,0,NO
DH02024,0,0,0,0,0,0,0,0,YES
DH02025,0,2,2,0,0,0,0,0,NO
DH02027,0,0,0,0,0,51,0,0,NO
DH02032,1,0,0,0,0,0,0,0,NO
DH02035,0,1,2,0,0,0,0,0,YES
DH02043,0,3,0,0,0,0,0,0,NO
DH02074,0,1,3,0,0,0,0,0,NO
DH02077,0,67,4,16,0,0,0,0,NO
DH02080,0,0,0,0,0,0,0,0,NO
DH02087,1,0,0,3,0,0,0,0,NO
DH02093,2,0,0,0,0,0,0,0,YES
DH02095,4,0,0,0,0,0,0,0,YES
DH02104,0,0,5,0,1,0,0,0,NO
DH02124,0,0,0,0,0,0,0,0,NO
DH02126,0,3,2,0,0,0,0,0,NO
DH02151,3,1,0,0,1,0,0,0,NO
DH02154,0,0,10,11,0,0,0,0,NO
DH02173,0,19,0,0,0,0,0,0,NO
DH02179,0,0,0,0,0,0,0,0,NO
DH02182,1,2,0,1,0,0,0,0,NO
DH02187,18,6,0,0,0,0,0,0,YES
DH02194,2,1,1,0,0,0,0,0,NO
DH02196,27,1,10,10,0,9,0,0,NO
DH02201,0,0,1,0,0,0,0,0,NO
DH02208,0,1,0,0,0,0,0,0,NO
DH02214,0,0,0,0,0,0,0,0,NO
DH02248,6,1,2,0,0,0,0,0,NO
DH02265,1,0,3,0,0,0,0,0,NO
DH02266,0,0,0,0,0,0,0,0,NO
DH02283,2,20,5,0,0,0,0,0,NO
DH02292,1,10,1,0,0,0,0,0,NO
DH02296,0,0,0,0,0,0,0,0,NO
DH02302,0,1,0,0,0,0,0,0,NO
DH02321,0,0,2,0,1,0,0,0,NO
DH02333,0,0,2,0,0,0,0,0,NO
DH02335,0,0,0,0,0,0,0,0,NO
DH02339,0,12,0,0,0,0,0,0,NO
DH02348,7,3,4,17,0,0,0,0,YES
DH02352,2,0,1,0,0,0,0,0,YES
DH02362,1,1,2,0,0,0,0,0,NO
DH02365,0,0,0,0,0,0,0,0,NO
DH02379,0,1,0,0,0,0,0,0,NO
DH02388,0,0,1,0,0,0,0,0,NO
DH02391,0,0,1,0,1,0,0,0,NO
DH02413,2,3,1,0,0,0,0,0,NO
DH02415,1,0,2,0,0,0,0,0,NO
DH02416,0,0,2,0,0,0,0,0,YES
DH02418,0,0,0,0,2,0,0,0,NO
DH02422,0,0,4,0,0,0,0,0,NO
DH02430,1,1,0,0,0,0,0,0,NO
DH02444,0,1,0,0,1,0,0,0,NO
DH02455,0,0,0,0,0,0,0,0,NO
DH02481,0,0,0,5,0,0,0,0,NO
DH02482,2,9,0,8,0,0,0,0,YES
DH02483,3,1,0,11,0,0,5,0,NO
DH02491,0,0,0,0,0,0,0,0,YES
DH02494,0,0,0,0,0,0,0,0,NO
DH02497,1,6,1,0,0,0,0,0,NO
DH02499,2,1,12,0,0,0,0,0,NO
DH02523,0,0,0,0,0,27,0,0,NO
DH02533,1,0,6,0,2,0,0,0,NO
DH02534,0,1,3,0,0,0,0,0,YES
DH02546,0,5,1,0,0,0,0,0,YES
DH02547,0,3,0,0,0,0,0,0,NO
DH02552,0,0,12,0,0,0,0,0,NO
DH02559,0,0,0,0,0,0,0,0,YES
DH02567,2,0,2,0,1,0,0,0,NO
DH02572,0,11,2,0,0,0,0,0,YES
DH02573,3,1,5,0,0,0,0,0,YES
DH02588,0,0,0,0,0,0,0,0,NO
DH02590,2,2,14,0,0,0,0,0,NO
DH02594,0,3,5,0,0,0,0,0,NO
DH02595,0,0,3,0,0,0,0,0,NO
DH02596,0,0,0,0,0,0,0,0,NO
DH02600,0,30,3,0,0,0,0,0,NO
DH02611,4,1,2,0,2,0,0,0,YES
DH02613,5,1,0,11,0,0,0,0,YES
DH02616,3,3,3,11,0,0,0,0,NO
DH02619,3,0,0,0,0,0,0,0,YES
DH02625,0,7,0,0,0,0,0,0,NO
DH02629,0,1,0,0,0,0,0,0,NO
DH02632,1,1,0,0,0,0,0,0,YES
DH02633,1,2,0,0,0,0,0,0,NO
DH02637,0,0,0,0,0,0,0,0,NO
DH02638,0,0,0,0,0,0,0,0,NO
DH02640,3,1,0,0,0,0,0,0,YES
DH02641,0,0,0,0,0,0,0,0,NO
DH02654,3,0,8,0,1,0,0,0,YES
DH02662,0,0,0,0,0,0,0,0,YES
DH02674,0,1,9,0,0,0,0,0,NO
DH02676,0,5,3,0,0,0,0,0,NO
DH02677,0,2,0,0,0,0,0,0,NO
DH02686,1,2,1,0,0,0,1,0,NO
DH02691,0,0,3,0,0,0,0,0,NO
DH02692,0,0,0,15,0,0,0,0,YES
DH02702,5,3,0,0,0,0,0,0,YES
DH02703,7,1,0,0,0,71,0,0,NO
DH02707,0,3,0,0,0,0,0,0,NO
DH02709,3,0,0,0,0,0,0,0,NO
DH02710,6,0,0,0,0,0,0,0,YES
DH02711,9,2,0,0,0,0,0,0,YES
DH02712,0,0,1,0,1,0,0,0,YES
DH02713,0,0,0,0,0,0,0,0,YES
DH02714,0,0,0,0,0,0,0,0,YES
DH02717,2,0,1,0,0,0,0,0,NO
DH02731,0,4,0,0,0,0,0,0,NO
DH02732,10,1,0,23,0,0,0,0,YES
DH02733,0,1,0,0,0,0,0,0,YES
DH02735,3,0,0,10,0,0,0,0,YES
DH02740,6,2,0,5,0,0,0,0,YES
DH02744,2,2,0,0,0,0,0,0,NO
DH02745,3,2,0,0,0,0,0,0,NO
DH02749,0,0,3,0,0,0,0,0,NO
DH02750,0,0,0,13,0,135,0,0,NO
DH02754,0,0,0,0,0,0,0,0,NO
DH02755,0,1,0,0,0,0,0,0,NO
DH02756,0,0,0,0,0,0,0,0,YES
DH02757,0,1,15,0,0,0,0,0,NO
DH02758,3,0,3,0,0,0,0,0,NO
DH02759,3,1,0,0,0,0,0,0,NO
DH02761,0,0,0,0,0,0,0,0,NO
DH02763,3,0,0,12,0,0,0,0,YES
DH02764,3,0,0,10,0,0,0,0,YES
DH02765,0,0,0,10,0,0,0,0,YES
DH02766,0,0,0,0,0,0,0,16,YES
DH02768,0,0,0,0,0,0,0,0,NO
DH02772,1,0,21,21,0,0,0,0,YES
DH02776,0,1,0,0,0,0,0,0,YES
DH02778,0,0,0,0,0,0,0,0,NO
DH02783,11,0,0,0,0,0,0,0,YES
DH02784,1,0,0,0,0,0,0,0,YES
DH02787,1,0,0,0,0,0,0,0,YES
DH02794,10,12,0,0,0,0,0,0,NO
DH02795,4,1,1,0,0,0,0,0,YES
DH02796,0,0,0,0,0,0,0,0,YES
DH02797,0,0,3,0,0,0,0,0,NO
DH02798,2,1,0,5,0,0,0,0,YES
DH02800,4,0,0,5,0,0,0,0,YES
DH02802,0,0,0,0,0,0,0,0,YES
DH02803,0,0,0,0,0,0,0,0,YES
DH02805,0,0,4,0,0,0,0,0,NO
DH02806,0,10,0,0,1,0,0,0,NO
DH02808,0,0,0,0,0,0,0,0,NO
DH02809,6,0,0,26,0,0,0,0,YES
DH02811,0,4,0,0,0,0,0,0,NO
DH02813,6,0,1,11,0,0,0,0,YES
DH02814,7,1,0,0,0,0,0,0,YES
DH02815,0,0,0,0,0,0,0,0,YES
DH02817,2,1,0,0,0,0,0,0,YES
DH02818,8,0,2,68,0,0,0,0,YES
DH02819,1,6,0,0,0,0,0,0,NO
DH02829,11,0,0,0,0,0,0,0,NO
DH02830,4,0,0,0,0,0,0,0,NO
DH02831,0,0,0,0,0,0,0,0,NO
DH02832,1,0,3,0,0,0,0,0,NO
DH02837,13,2,0,0,0,0,0,0,YES
DH02838,7,2,0,0,0,0,0,0,YES
DH02841,6,0,0,0,0,0,0,0,YES
DH02845,15,6,13,0,0,0,0,0,NO
DH02846,1,5,0,0,0,0,0,0,NO
DH02847,1,18,0,0,0,0,0,0,NO
DH02848,0,4,3,0,0,0,0,0,NO
DH02852,5,4,3,0,0,0,0,0,NO
DH02854,13,0,0,0,0,0,0,0,YES
DH02855,0,0,0,23,0,0,0,0,YES
DH02857,0,0,0,0,0,0,0,0,NO
DH02860,1,0,10,0,0,0,0,0,NO
DH02861,0,0,0,0,0,0,0,0,NO
DH02862,11,1,0,0,0,0,0,0,YES
DH02863,0,1,0,0,0,0,0,0,NO
DH02865,1,5,0,0,0,0,2,0,YES
DH02866,0,1,0,0,0,0,0,0,NO
DH02868,4,0,3,0,1,0,1,0,NO
DH02869,0,0,0,0,0,0,0,0,NO
DH02870,0,0,0,0,0,0,0,0,NO
DH02871,3,9,0,0,0,0,0,0,NO
DH02872,0,0,0,0,0,0,0,0,NO
DH02873,0,0,0,0,0,0,0,0,NO
DH02881,3,11,1,0,0,0,0,0,NO
DH02882,4,0,0,0,0,0,0,0,NO
DH02889,0,0,3,0,0,0,0,0,NO
DH02891,3,7,1,0,0,0,0,0,NO
DH02894,0,0,0,0,0,0,0,0,NO
DH02895,0,0,0,0,0,0,0,0,NO
DH02898,2,4,1,0,15,0,0,0,NO
DH02899,0,0,0,0,0,0,0,0,YES
DH02903,0,0,0,0,0,0,0,0,NO
DH02904,0,0,0,0,0,0,0,0,YES
DH02905,1,0,0,0,0,0,0,0,NO
DH02906,0,0,0,0,0,0,0,0,NO
DH02907,19,8,1,0,0,0,0,0,NO
DH02908,0,0,0,0,0,0,0,0,NO
DH02909,0,0,0,0,0,0,0,0,YES
DH02910,12,0,0,15,0,0,0,0,YES
DH02911,0,0,0,0,0,0,0,0,YES
DH02912,21,8,0,6,0,0,0,0,YES
DH02914,3,0,0,0,0,0,0,0,NO
DH02915,6,2,3,0,0,0,0,0,NO
DH02917,15,2,,4,0,0,0,0,YES
DH02918,10,6,4,0,0,0,0,0,YES
DH02919,11,1,0,0,0,0,0,0,YES
DH02920,13,0,0,0,0,0,0,0,YES
DH02921,7,0,0,0,0,0,0,0,YES
DH02922,11,17,0,0,0,0,0,0,NO
DH02923,1,2,0,0,0,0,0,0,YES
DH02927,0,0,0,0,0,0,0,0,NO
DH02928,8,0,0,0,0,0,0,0,YES
DH02935,7,1,0,0,0,0,0,0,YES
DH02936,2,0,0,0,0,0,0,0,NO
DH02937,0,1,0,0,0,0,0,0,NO
DH02938,1,0,1,13,0,0,0,0,NO
DH02939,5,2,0,5,0,0,0,0,YES
DH02940,4,5,3,0,0,0,0,0,NO
DH02945,0,0,0,0,0,0,0,0,NO
DH02951,0,0,0,0,0,0,0,0,NO
DH02952,7,2,0,7,0,0,0,0,YES
DH02953,0,0,0,0,0,0,0,0,YES
DH02954,11,0,0,0,0,0,0,0,YES
DH02955,15,0,2,13,0,0,0,0,NO
DH02956,15,0,1,0,0,0,0,0,NO
DH02957,0,0,0,0,0,0,0,0,YES
DH02958,12,1,4,0,0,0,0,0,YES
DH02959,7,1,0,0,0,0,0,0,NO
DH02960,7,0,1,1,0,0,0,0,YES
DH02961,9,0,0,10,0,0,0,0,YES
DH02962,9,1,1,0,0,0,0,0,NO
DH02963,11,3,0,0,0,0,0,0,YES
DH02965,0,2,2,0,0,0,0,0,NO
DH02967,2,0,0,0,0,0,0,0,NO
DH02968,18,2,0,6,0,0,0,0,NO
DH02971,1,1,0,0,0,0,0,0,NO
DH02972,0,0,0,0,0,0,0,0,NO
DH02973,1,5,0,0,0,0,0,0,NO
DH02974,0,0,0,0,0,0,0,0,YES
DH02975,10,1,2,0,0,0,0,0,YES
DH02976,1,7,0,0,0,0,0,0,YES
DH02979,0,0,0,0,0,0,0,0,YES
DH02980,10,0,0,11,0,0,0,0,YES
DH02982,0,0,0,0,0,0,0,0,NO
DH02987,7,10,0,8,0,0,0,0,NO
DH02988,0,0,0,0,0,0,0,0,NO
DH02989,3,0,1,0,0,0,0,0,YES
DH02990,0,0,0,0,0,0,0,0,YES
DH02991,0,0,0,0,0,0,0,0,NO
DH02994,1,0,0,0,0,0,0,0,NO
DH02996,0,0,0,0,0,0,0,0,NO
DH02997,4,1,1,0,0,0,0,0,NO
DH02998,0,1,0,0,0,0,0,0,NO
DH02999,0,2,0,0,0,0,0,0,NO
DH03000,6,0,4,6,0,0,0,0,YES
DH03001,6,0,2,0,0,0,0,0,NO
DH03002,0,0,0,0,0,0,0,0,NO
DH03003,1,1,0,0,0,0,0,0,NO
DH03004,0,0,0,0,0,0,0,0,NO
DH03005,0,0,0,0,0,0,0,0,NO
DH03006,0,0,0,0,0,0,0,0,NO
DH03007,0,0,0,0,0,0,0,0,YES
DH03008,0,0,1,0,0,0,0,0,NO
DH03009,0,0,0,0,0,0,0,0,NO
DH03018,0,0,0,0,0,0,0,0,YES
DH03023,2,12,1,0,0,0,0,0,NO
DH03024,2,6,5,4,2,0,0,0,NO
DH03025,3,0,2,0,0,0,0,0,YES
DH03026,1,1,0,0,0,0,0,0,NO
DH03028,6,8,3,0,1,0,0,0,NO
DH03030,2,0,5,0,0,0,0,0,NO
DH03031,0,3,0,0,0,0,0,0,NO
DH03032,2,0,1,0,0,0,0,0,NO
DH03033,4,0,1,0,0,0,0,0,YES
DH03035,1,1,0,0,0,0,0,0,NO
DH03036,0,0,0,0,0,0,0,0,YES
DH03041,0,0,0,0,0,0,0,0,NO
DH03042,5,1,0,0,0,0,0,0,YES
DH03043,1,0,0,0,0,0,0,0,NO
DH03044,3,0,0,0,0,0,0,0,NO
DH03045,0,0,0,0,0,0,0,0,NO
DH03046,0,0,0,0,0,0,0,0,NO
DH03047,4,0,0,0,0,0,0,0,NO
DH03049,0,0,0,0,0,0,0,0,NO
DH03050,5,0,0,0,0,0,0,0,YES
DH03051,2,3,0,3,0,0,0,0,NO
DH03052,1,0,0,16,0,0,0,0,NO
DH03053,2,0,0,0,0,0,0,0,YES
DH03055,0,1,0,0,0,0,0,0,NO
DH03056,0,0,0,0,0,0,0,0,YES
DH03057,0,6,0,0,0,0,0,0,NO
DH03060,16,0,0,0,0,0,0,0,YES
DH03061,3,0,0,0,0,0,0,0,NO
DH03065,0,3,0,0,0,0,0,0,NO
DH03066,10,0,3,7,0,0,0,0,NO
DH03067,0,0,0,0,0,0,0,0,NO
DH03068,0,2,0,0,0,0,0,0,NO
DH03069,0,3,0,0,0,0,0,0,NO
DH03070,0,0,0,0,0,0,0,0,NO
DH03071,0,1,0,0,0,0,0,0,NO
DH03072,2,3,1,0,0,0,0,0,NO
DH03073,0,0,0,0,0,0,0,0,NO
DH03074,0,0,0,0,0,0,0,0,NO
DH03075,0,1,0,0,0,0,0,0,NO
DH03076,2,1,0,0,0,0,0,0,NO
DH03077,0,0,0,0,0,0,0,0,NO
DH03078,0,0,0,0,0,0,0,0,NO
DH03079,2,0,0,0,0,0,0,0,NO
DH03080,0,0,0,0,1,0,0,0,NO
DH03081,0,0,1,0,0,0,0,0,NO
DH03082,0,0,0,0,0,0,0,0,NO
DH03083,4,0,0,0,0,0,4,0,NO
DH03084,0,0,0,0,0,0,0,0,NO
DH03085,0,1,0,0,0,0,0,0,NO
DH03086,5,0,0,0,0,0,0,0,NO
DH03087,1,0,0,0,0,0,0,0,NO
DH03088,1,1,3,0,0,0,0,0,NO
DH03089,6,0,0,0,0,0,0,0,YES
DH03090,0,1,0,0,0,0,0,0,NO
DH03091,7,0,1,0,0,0,0,0,YES
DH03092,3,5,0,0,0,0,0,0,NO
DH03093,5,2,0,0,0,0,0,0,NO
DH03095,1,0,0,0,0,0,0,0,NO
DH03096,5,0,0,0,0,0,0,0,YES
DH03097,1,0,0,0,0,0,0,0,YES
DH03098,8,3,0,8,0,0,0,0,NO
DH03099,5,0,0,0,0,0,0,0,YES
DH03100,15,0,0,0,0,0,1,0,YES
DH03101,2,2,0,0,0,0,0,0,NO
DH03102,7,3,2,0,0,0,0,0,NO
DH03103,1,0,0,0,0,0,0,0,YES
DH03104,20,0,0,0,0,0,0,0,NO
DH03105,2,0,0,0,0,0,0,0,YES
DH03106,15,1,0,0,0,0,0,0,NO
DH03107,1,0,0,0,0,0,0,0,YES
DH03108,2,3,0,0,0,0,0,0,NO
DH03109,1,0,0,0,0,0,0,0,YES
DH03110,15,4,0,0,0,0,0,0,NO
DH03111,14,4,0,0,0,0,0,0,NO
DH03112,12,0,0,0,0,0,0,0,NO
DH03113,3,3,0,0,0,0,0,0,NO
DH03114,0,0,0,0,0,0,0,0,YES
DH03115,2,3,0,0,0,0,0,0,NO
DH03116,0,0,0,0,0,0,0,0,YES
DH03118,1,0,0,0,0,0,0,0,NO
DH03119,2,0,0,0,0,0,0,0,YES
DH03120,2,0,0,0,0,0,0,0,NO
DH03121,13,0,0,0,0,0,0,0,NO
DH03122,3,0,0,0,0,0,0,0,NO
DH03123,0,1,0,0,0,0,0,0,NO
DH03124,0,0,0,0,0,0,0,0,NO
DH03125,0,0,0,0,0,0,0,0,NO
DH03126,1,0,0,0,0,0,0,0,NO
DH03127,1,0,0,0,0,0,0,0,YES
DH03128,0,0,0,0,0,0,0,0,NO
DH03129,0,4,0,0,0,0,0,0,NO
DH03130,0,0,0,0,0,0,0,0,NO
DH03131,5,0,0,0,0,0,0,0,NO
DH03140,2,0,0,0,0,0,0,0,YES
DH03141,0,1,0,0,0,0,0,0,NO
DH03142,0,3,0,0,0,0,0,0,NO
DH03143,1,5,0,0,0,0,0,0,NO
DH03144,0,0,0,0,0,0,0,0,YES
DH03146,4,0,0,0,0,0,0,0,YES
DH03147,0,0,0,0,0,0,0,0,NO
DH03148,1,3,0,0,0,0,0,0,NO
DH03149,2,2,0,0,0,0,0,0,YES
DH03150,0,0,0,0,0,0,0,0,NO
DH03151,0,0,2,0,0,0,0,0,NO
DH03152,0,0,0,0,0,0,0,0,NO
DH03154,0,0,0,0,0,0,0,0,NO
DH03155,10,0,0,0,0,0,0,0,YES
DH03157,0,0,0,0,0,0,0,0,YES
DH03158,0,1,0,0,0,0,0,0,NO
DH03159,1,1,0,0,0,0,0,0,NO
DH03160,0,1,0,0,0,0,0,0,NO
DH03161,0,0,0,0,0,0,0,0,YES
DH03164,0,3,0,0,0,0,0,0,NO
DH03165,0,0,0,0,0,0,4,0,NO
DH03166,0,0,0,0,0,0,0,0,NO
DH03167,0,0,0,0,0,0,0,0,NO
DH03168,0,1,0,0,0,0,0,0,NO
DH03169,0,2,0,0,0,0,0,0,NO
DH03170,0,0,0,0,0,0,0,0,NO
DH03171,0,0,0,0,0,0,0,0,NO
DH03172,1,0,0,0,0,0,0,0,NO
DH03173,0,4,0,0,0,0,0,0,NO
DH03174,0,0,0,0,0,0,0,0,NO
DH03175,0,0,0,0,0,0,0,0,YES
DH03178,0,0,0,11,0,0,0,0,YES
DH03179,0,0,0,0,0,0,0,0,NO
DH03180,0,0,0,0,0,0,0,0,NO
DH03181,0,0,0,0,0,0,0,0,YES
DH03183,1,0,0,0,0,0,0,0,NO
DH03184,5,0,0,0,0,0,0,0,YES
DH03185,4,0,1,0,0,0,0,0,NO
DH03186,0,0,0,0,0,0,0,0,NO
DH03187,1,0,0,0,0,0,0,0,NO
DH03188,0,0,0,0,0,0,0,0,NO
DH03189,6,0,0,0,0,0,0,0,YES
DH03190,9,0,0,0,0,0,0,0,NO
DH03191,0,0,0,0,0,0,0,0,NO
DH03192,6,0,0,9,0,0,0,0,NO
DH03193,3,0,0,0,0,0,0,0,NO
DH03194,0,0,0,0,0,0,0,0,NO
DH03195,0,1,0,0,0,0,0,0,NO
DH03201,1,0,2,0,0,0,0,0,NO
DH03202,0,0,0,0,0,0,0,0,NO
DH03203,0,0,0,0,0,0,0,0,NO
DH03204,1,0,0,0,0,0,0,0,NO
DH03205,1,0,0,0,0,0,0,0,NO
DH03206,0,0,0,0,0,0,0,0,NO
DH03209,0,0,0,0,0,0,0,0,YES
DH03210,0,2,0,0,0,0,0,0,NO
DH03211,0,0,0,0,0,0,0,0,NO
DH03213,0,0,0,0,0,0,0,0,NO
DH03214,0,0,5,0,0,0,0,0,YES
DH03215,0,1,0,0,0,0,0,0,NO
DH03216,0,0,0,0,0,0,0,0,YES
DH03217,0,0,0,0,0,0,0,0,YES
DH03218,0,0,0,0,0,0,0,0,NO
DH03219,0,0,0,0,0,0,0,0,NO
DH03223,0,0,0,0,0,0,0,0,NO
DH03224,0,0,0,0,0,0,0,0,NO
DH03225,0,0,0,0,0,0,0,0,NO
DH03226,0,0,0,0,0,0,0,0,NO
DH03227,0,0,0,0,0,0,0,0,NO
DH03228,0,0,0,0,0,0,0,0,NO
DH03229,0,0,0,0,0,0,0,0,NO
DH03230,0,0,0,0,0,0,0,0,NO
DH03231,0,0,0,0,0,0,0,0,NO
DH03232,0,0,0,0,0,0,0,0,YES
DH03233,0,0,0,0,0,0,0,0,NO
DH03234,0,0,0,0,0,0,0,0,NO
DH03235,0,0,0,0,0,0,0,0,NO
DH03236,0,0,0,0,0,0,0,0,NO
DH03237,0,0,0,0,0,0,0,0,NO
DH03238,0,0,0,0,0,0,0,0,NO
DH03239,1,0,0,0,0,0,0,0,NO
DH03240,4,0,0,0,0,0,0,0,NO
DH03241,1,0,0,0,0,0,0,0,NO
DH03242,0,0,0,0,0,0,0,0,NO
DH03243,0,0,0,0,0,0,0,0,NO
DH03244,0,0,0,0,0,0,0,0,NO
DH03246,0,0,0,0,0,0,0,0,NO
DH03247,4,0,0,0,0,0,0,0,NO
DH03248,1,0,0,0,0,0,0,0,YES
DH03249,0,0,0,0,0,0,0,0,YES
DH03250,0,0,0,0,0,0,0,0,YES
DH03251,2,0,0,0,0,0,0,0,YES
DH03252,0,0,0,0,0,0,0,0,NO
DH03253,0,0,0,0,0,0,0,0,YES
DH03254,0,0,0,0,0,0,0,0,NO
DH03255,0,0,0,0,0,0,0,0,NO
